id,english,commonness,mirad,roundtrip_english,semantic_similarity
13583317,Will he not give it to you?,6.7000,Duven wit vom ujo has bu et?,Will he not send it to you?,0.837952
11742098,"As for me, no!",6.6525,"Av at, vo!",No way!,0.733653
3905955,How could you do that to him?,6.5971,Hoyen et yafu xer hus bu it?,How could you do that to him?,1.000000
11948852,Will you do it again?,6.4860,Duven et xo hus gajod?,Will you do that thing again?,0.953092
11679900,I get up at 6.00 a.m.,6.4567,At ape bi yawa jwob bi maj.,I come at six in the morning.,0.897958
1357388,Will you go there?,6.4425,Duven et po hum?,Will you go there?,1.000000
5774154,That should be enough for now.,6.4200,Huas yeyfe greser av hij.,that should be enough for now,0.966234
6259929,Will you please do that again?,6.3583,Diwe xu hus gajod.,please do that again,0.899045
3741079,What have we done to each other?,6.3557,Duhos yat xa bu hyuit?,What did we do to each other?,0.913093
5756695,Who should get one?,6.2700,Duhot yuyve ber awa?,Who ought to pose one?,0.675679
7735831,You should go and see for yourselves.,6.1971,Yet yeyfu per ay teater av yeut.,You should go and see for yourselves.,1.000000
1894227,How good are you?,6.1200,Hoyen se et fia?,How are you?,0.787895
5745289,Do good wherever you can.,6.1200,Xu fi hyem et yafe.,Do good wherever you can.,1.000000
9210714,I know who's behind this.,6.1000,At te hot be zom bi his.,i know who is behind this,0.962162
2407736,I think I can do it.,6.0800,At texe van at yafe xer has.,I think that I can do it.,0.998450
2543920,We have everything we want.,6.0400,Yat baye hyas yat fe.,We have everything we want.,1.000000
7443059,They know they need to do that.,6.0350,Yit te van yit efe xer hus.,They know that they have to do that thing.,0.944222
7772536,I go.,6.0300,At pe.,I go.,1.000000
2967884,I think I need both of these.,6.0250,At texe at efe hyaewa bi hisi.,I think I need both of these things.,0.981180
2645067,I never said that to you.,6.0100,At hyoj da hus bu et.,I never said that to you.,1.000000
7399972,She said she got out of the way.,5.9767,Iyt da van iyt oyepa oyeb bi ha mep.,She said that she got off the road.,0.731020
3635536,"If you need me, call.",5.9700,"Ven et efe at, dyu.","If you need me, call.",1.000000
69363,Are you through with your work?,5.9600,Et se uja bay eta yex?,Are you done with your work?,0.950998
625872,I did not do it.,5.9600,At voy xa hus.,I did not do that.,0.974510
2796288,"Did you get that? ""No, not at all.""",5.9600,"Duven et bier hus? ""Vo, hyoyen.""","""Do you take that thing?"" ""No, in no way whatever.""",0.682173
2547306,I'd still like to try.,5.9550,At fu gaj yeker.,I would like to try again.,0.837492
3825462,I did nothing all day.,5.9550,At xa hyos hya jub.,I did nothing all day.,1.000000
4679357,I want to get better.,5.9000,At fe ga fiaser.,I want to become better.,0.952566
278725,Come on in and make yourself at home.,5.8900,Upu yeb ay xeu eut be tam.,Come in and behave yourself at home.,0.765935
271727,This is life!,5.8900,His se tej!,This is life!,1.000000
5405076,I always say that.,5.8900,At hyaj de hus.,I always say that.,1.000000
6912981,Do you want me to tell you what I think you should do with it?,5.8833,Duven et fe der at et hos at texe van et yeyfe xer bay has?,Do you want to tell me what I think that you should do with it?,0.983502
2372820,I just need some rest.,5.8767,At efe haway gle pon.,I just need a rest.,0.987736
2230657,"Over time, he got used to the new environment.",5.8240,"Jobkay, it yuktosba ha ejna yuzmir.","Eventually, he felt comfortable in the new environment.",0.872579
1107857,Fight like a man!,5.8200,Ebyexu gel twob.,Fight like a man.,0.983167
2548897,You would love it.,5.8200,Et ifu has.,You would love it.,1.000000
914025,What does he say?,5.8150,Duhos it de?,What does he say?,1.000000
3330662,I'm not the same man I used to be.,5.8100,At voy se ha hyia twob ho at bea.,I am not the same man I saw.,0.859465
8292599,I think that I can do that if I try.,5.7900,At texer van at yafe xer hus ven at yeke.,I think that I can do that if I try.,1.000000
10585962,I like the way you dance.,5.7833,At ifle hayen et daze.,I love the way thee dances.,0.905748
296184,He is to come here at five.,5.7800,Wit upo him be yo jwob.,He will come here at 5 o'clock.,0.962641
9493902,Which is hers?,5.7800,Duhas se iytas?,What is hers?,0.795833
8324505,Do you think I'm not trying?,5.7750,Duven et texe van at voy yeke?,Do you think that I am not trying?,0.994730
10516837,It's high time I left the office.,5.7650,Se yaba job van at pia ha yexim.,It is high time that I left the workroom.,0.925961
5136469,Looks like its gonna be a long old day.,5.7617,Tease van his so yaga ajna jub.,It seems that this will be a long past day.,0.863117
2026858,All I want is someone special in my life.,5.7567,Hyas at fe se heawat yonsauna bi ata tej.,all I want is a particular person in my life,0.862900
6248961,You're the only person who did that.,5.7550,Et se ha ana aot ho xa hus.,You are the only person who did that.,0.998161
7406308,They know they have a choice to make.,5.7533,Yit te van yit bayse kebiun xer.,They know that they have a choice to do.,0.961558
5178612,Let's say no more about it.,5.7450,Van hyos gaj be syin bi hus.,Let nothing more be on the matter of that thing.,0.725743
5213901,I want you to make a decision.,5.7367,At fe van et xu kyod.,I want you to make a decision.,1.000000
3201021,Are you ever going to tell me?,5.7350,Duven et hyej do at?,do you ever say to me,0.717625
6246367,I wish I'd had enough time to do that.,5.7350,At ojfe van at baysayu gre job xer hus.,I hope that I will have enough time to do that thing.,0.762452
7137701,I think that Tom has done that at least one time.,5.7333,At tex van Tom xa hus gwoay awa job.,I think Tom did that at least once.,0.982647
7521236,I know you're a good coach.,5.7267,At ter van et se fia tyenuut.,I know that you are a good professional.,0.662131
252276,I like spring the best.,5.7233,At iyfe jeab gwa fi.,I like spring best.,0.997632
69630,"Which do you like better, music or English?",5.7200,"Duhaas et gaife, duz ey Eniged?","Which do you prefer, music or the English language?",0.955854
869508,That sounds like a good idea.,5.7150,Hus tease gel fia tyun.,That seems like a good idea.,0.978139
12984004,I like this album.,5.7150,At iyfe hia duzirunag.,I like this musical album.,0.914580
264336,Can you come at ten on May second?,5.7050,Et afe uper be alo jwobi be jiab ea jubu?,Do you want to come at ten o'clock on January second?,0.726118
6813173,"As long as they were still children, they did not have to care for anything.",5.7000,"Je van yit sa gaj tudi, yit voy yefa biker av hyes.","Even though they were still children, they did not have to care for anything.",0.969430
9414520,Where did Tom go this time?,5.6933,Duhom Tom pa hia job?,Where did Tom go this time?,1.000000
2342358,She's a good-looking girl.,5.6900,Iyt se via toybet.,She is a beautiful gal.,0.833277
2042887,Have you thought about what time of year you want to start your journey?,5.6817,Et texa bi hos joba job et fe ijber eta pop?,What time are you thinking of starting your journey?,0.858818
2267921,That's exactly what I used to think.,5.6767,Hus se vyavay hos at jay texeya.,That is exactly what I previously thought.,0.918003
467303,Could you please tell me why you love her?,5.6750,"Diwe, et yafu du at hosav et ife iyt?","Please, you could tell me why you love her.",0.974175
11188394,You really talk a lot.,5.6667,Et vay gla dale.,you really talk a lot,0.961038
7227581,I don't think that you're doing that the right way.,5.6500,At voy texe van et xe hus ha zia byen.,I do not think you do that the right way.,0.949586
297233,I could not but think that he had died.,5.6400,At voy yafu voy texer van it toja.,I could not help but think that he died.,0.987915
6915527,Your son has been gone for a long time.,5.6375,Eta twud se piya yag job.,Your son has been gone a long time.,0.996990
7966907,I want to rest a while.,5.6350,At fe poyser joyb.,I want to rest a while.,1.000000
3360599,Did you bring it?,5.6150,Duven et yuba has?,Did you bring it?,1.000000
10846611,Why did you bring it here?,5.6150,Duhosav et yuba has him?,Why did you bring it here?,1.000000
31104,"If you will excuse me for a few minutes, I'd like to make a call.",5.5900,"Ven et yovobu at av glo jwabi, at fu xer heyd.","If you excuse me for a few minutes, I would like to do a shout-out.",0.782512
3315122,That's a big job.,5.5850,Hus se aga yexes.,That is a big task.,0.907677
249715,Follow me and I will show you the way.,5.5750,"Joupu at, ay at teatuo et ha mep.","Go ahead, and I will show you the way.",0.898548
7125950,That's something that I'm looking into.,5.5700,Hus se hes ho at teaxe yeb bu has.,That is something that I look into it.,0.966920
10781369,Tom has been a good friend of mine for years.,5.5700,Tom seye fia dat at bi jabi.,Tom is a good friend of mine from years.,0.978494
11451356,I won't be going there any more.,5.5700,At vo pe hum gaj.,I don't go there anymore.,0.921229
3448750,Tom is going to need both our support.,5.5675,Tom efso hyaewa yata bol.,The building will need both our support.,0.586637
4134147,"Sorry, I think I have the wrong number.",5.5675,"Hyoy, at texe at bayse ha vyona sag.","Alas, I think I have the wrong number.",0.931651
10796988,It's been a long time since I've felt this way.,5.5600,Se yaga job ji at toswa huyen.,It has been a long time since I felt that way.,0.978631
12077468,Did Tom say where he found this?,5.5600,Tom da hom it kaxwa his?,Tom said where he found this?,0.971704
3110543,We have no time to waste.,5.5500,Yat voy bayse job bu nyoxer.,We do not have time to waste.,0.985395
6716543,I could try doing that myself.,5.5500,At yafu yeker xer hus at aut.,I could try to do that myself.,0.996411
1731558,It sounds like a fun job.,5.5450,Has seuxe gel ifsona yexun.,It sounds like a fun job.,1.000000
7398221,He told me he'd do that for us.,5.5400,Wit da at van wit xu hus av yat.,he said that he do that for us,0.876491
7440639,They said that they might die.,5.5400,Yit da van yit vey tojo.,They said that they might die.,1.000000
9628489,Do you like it here in Boston?,5.5400,Duven et iyfe his be him be Boston?,Do you like this here in Boston?,0.980801
5800453,Do you think Tom will actually help us?,5.5375,Duven et texe van Tom vay yuxo yat?,Do you think Tom will indeed help us?,0.992785
7937375,Our dog got lost. Will you help us to find him?,5.5375,Yata yepet okwa. Et yuxo yat kaxer it?,Our dog is lost. Will you help us find him?,0.988658
3518538,It's too good a chance to miss.,5.5333,Has se gra fia kyen av opixer.,it's too good a chance to avoid,0.774677
464402,We hope to return next year.,5.5300,Yat ojfe zoyper zajab.,we hope to return next year,0.965526
870510,I'm really happy about your father.,5.5267,At se vay iva av eta twed.,I am indeed happy for your father.,0.969309
7633343,I still go to Australia at least three times a year.,5.5267,At gaj pe bu Ausom gwo ay iwa jodi bi ha jab.,I still go to Australia as few as possible and three times per year.,0.935667
10255261,You need hair.,5.5250,Et efe tayeb.,You need a haircut.,0.813082
11959682,Did you see Tom come in?,5.5233,Et teata Tom yebuper?,Did you see Tom come in?,1.000000
7440183,They said that they were married.,5.5200,Yit da van yit sa taduwa.,They said that they were married.,1.000000
10286249,I just started to learn French.,5.5200,At gwej ijba tiser Ferad.,I always started learning French.,0.850170
5857182,I think I'm starting to understand exactly what real love is.,5.5150,At texe van at ije tester vyavay hos vyama ifon se.,I think that I begin to understand accurately what true love is.,0.945225
8168662,"She can't dance, you know.",5.5150,"Iyt yofe dazer, et te.","She cannot dance, you know.",0.993546
9034922,It probably won't work.,5.5100,Has vley vo exo.,It probably won't work.,1.000000
3202104,You've got to tell me what you want.,5.5100,Et yefe der at hos et fe.,You should tell me what you want.,0.950281
6432812,How much time do you spend on the bus every day?,5.5100,Duhogla job et noxe ab ha yuzpur hyawa jub?,How much time do you spend on the bus each day?,0.997218
6239095,I know Tom probably won't want to do that.,5.5080,At te van Tom vley voy feo xer hus.,I know that Tom probably does not want to do that.,0.985662
10708247,I thought we needed help.,5.5067,At texa van yat efa yux.,I thought that we needed help.,0.998241
7168552,I think that Tom is doing well.,5.5033,At texe van Tom xe fi.,I think that Tom does well.,0.977349
3071522,Their house is near here.,5.5000,Yita tam se yub bi him.,Their house is near here.,1.000000
7910175,"Try it, please.",5.5000,"Yek has, diwe.","Try it, please.",1.000000
8856572,I went out.,5.5000,At pa oyeb.,I went out.,1.000000
2155115,"In this respect, you're right.",5.4950,"Be his texyen, et se zia.","In this opinion, you are right.",0.784408
2981331,"Life is, at best, a sea of problems.",5.4950,"Tej se, bi gwa fia, mim bi yiksoni.","life is, from very good, a sea of difficulties",0.831445
3918761,I think you should choose him.,5.4950,At texe van et yefu kebier it.,I think you should choose him.,1.000000
7888133,Just give me a minute to get changed.,5.4933,Izay bu at awa jwab av kyaxer ota tofi.,Directly to me one hour in order to change one's toffee.,0.598455
240156,Would you please call him back later?,5.4900,Diwe zoydyuer it ga jwo.,please call him back later,0.928033
11808654,"If you want me, I'm ready to follow you.",5.4867,"Ven et fe at, at se jwea jouper et.","If you want me, I am timely to follow you.",0.896144
855612,Do you like golf?,5.4850,Duven et iyfe zyegek?,Do you like golf?,1.000000
1497715,"I'm sorry, but I cannot answer right away.",5.4825,"At se tipuva, oy at yofe duder ig.","I'm sorry, but I cannot answer quickly.",0.924114
440042,You're completely right!,5.4800,Et se ikay vyaa!,You are completely right!,0.984749
12900374,Forget what people say about you; what matters is what you yourself do.,5.4800,Toxu hos yot de vyel et; hos vayase se hos et eut xe.,Forget what people say about you; what appears is what you yourself do.,0.904257
12055761,"Father! ""I..."" ""It's alright. You just rest as much as you want.""",5.4760,Twed! At... Se fi. Et haway poysu ge gla vyel et fe.,Father! I... It's okay. You just rest as much as you want.,0.950313
6874897,"Good call, Tom.",5.4750,"Fia teyd, Tom.","Good mother, Tom.",0.715717
1682334,I cannot finish my work today.,5.4733,At yofe ujber ata yex hijub.,I cannot finish my work today.,1.000000
10727351,I like the shape of the building.,5.4733,At iyfe ha san bi ha tom.,I like the shape of the building.,1.000000
1763801,What do you want to do in Germany?,5.4700,Duhos et fe xer be Deum?,what do you want to do in germany,0.965065
3689920,"Hey, man! What's up?",5.4700,"Hey, tob! Duhos kyeseye?","Hey, man! What's happening?",0.836347
9246421,I wish I'd done better.,5.4700,At ojfe van at xayu ga fiay.,I hope that i would do better.,0.829235
871637,I thought I saw someone there.,5.4650,At texa van at teata heawat be hum.,I thought that I saw someone there.,0.998873
2540477,I'm sorry I can't be of more help.,5.4650,At se tipuva van at yofa ser ga yux.,I am sorry that I cannot be of more help.,0.986380
12040751,Don't you think it's a little too early for that?,5.4650,Von et texe van has se glos gra jwa av hus?,Don't you think that it is a little bit too early for that?,0.996174
24981,I'm sure people would live twice as long if they stopped getting themselves worked up over everything.,5.4600,At se vlatepa van yot teju ewa jodi ga yaga ven yot poxe tipazien ayb hyas.,I am convinced that people live twice as long if they stop getting excited over everything.,0.856268
1121862,Give the money to my son.,5.4600,Bu ha nas bu ata twud.,Give the money to my son.,1.000000
13687856,"One step left, one step right.",5.4600,"Awa tyop zu, awa tyop zi.","one step left, one step right",0.960553
7152743,Our time here in Australia is limited.,5.4567,Yata job him be Ausom se ujnadbwa.,our time here in Australia is limited,0.940574
3408711,Do you think Tom had something to do with this?,5.4550,Et texe ven Tom bexwa hes xer bay his?,Do you think Tom had something to do with this?,1.000000
623139,Was this wall built to keep people out or to keep them in?,5.4533,Hia mas sexwa av bexer tyod oyeb ey av bexer yit yeb?,Was this wall built in order to keep people out or in order to keep them in?,0.992705
3575134,Today we face a lot of serious problems.,5.4500,"Hijub, yat se be zateb bi gla kyisoni.","Today, we are faced with many major problems.",0.957533
3721337,Tom said it was part of the job.,5.4467,Yipwet da has sa gon bi ha yexun.,Yipwet said it was part of the work unit.,0.475177
8881639,"When I came into the room, it was empty.",5.4450,"Hoj at upa yeb bu ha tim, is sa uka.","When I came into the room, it was empty.",1.000000
9945049,Why don't we take our time?,5.4450,Hosav von yat bier yata job?,Why not take our time?,0.953990
7337690,You have to use the right tool.,5.4433,Et yefe yixer ha zia sar.,You must use the right tool.,0.994661
9353861,I know about a shorter way.,5.4433,At te vyel yogmep.,I know a shortcut.,0.786020
9022631,Did you notice any change in the air?,5.4425,Et kyeteata hyea kyas bi ha mal?,Do you notice any change in the sky?,0.825531
6525067,Both Tom and Mary said that they could make it to the party.,5.4380,Hyaewa Tom ay Mary da van yit yafu per bu ha yaniv.,Both Tom and Mary said that they could go to the party.,0.973093
11607876,William has just finished his job.,5.4375,William uja ita yexun hij.,William finished his work now.,0.909154
72091,"Oh, yes, I remember.",5.4367,"Hwuy, va, at taxe.","Ouch, yeah, I remember.",0.833920
6516278,Tom and Mary can stay as long as they like.,5.4320,Tom ay Maria yafe beser hyes yag yit fe.,Tom and Maria can stay however long they want.,0.889276
3045709,That really put me on the spot.,5.4300,Hus vay bwa at ab neym.,That indeed put me on the spot.,0.980621
6270460,Tom had that job for years.,5.4300,Tom bexa hua yexun je jabi.,The building held that job for years.,0.562042
8518906,He's not as young as I am.,5.4300,Wit voy se ge joga vyel at.,He is not as young as me.,0.986143
251563,Can you tell my age?,5.4250,Et yafe der ata jag?,Can you say my age?,0.966014
430440,Was her story true?,5.4250,Duven iyta din sa vyaa?,was her story true,0.957879
2546885,Would you like a bath?,5.4250,Et fu milyep?,Would you like a soak?,0.768397
6493354,Tom and Mary said they thought John might not have to do that this year.,5.4250,Tom ay Mary dwa van yit texwa van John vey voy yefe xer hus hia jab.,Tom and Mary said that they thought that John perhaps should not do that this year.,0.935074
7520612,I know I can fix that for you.,5.4250,At te van at yafe fiaxer hus av et.,I know that I can fix that for you.,0.998038
9800769,I love you. I want to marry you.,5.4200,At ife et. At fe tadier et.,I love you. I want to marry you.,1.000000
12777554,Would you place your trust in her again?,5.4200,Duven et ubwu eta vyatip be iyt gaj?,Will you send your faith in her anymore?,0.728664
7378638,Mary wants to be like her mother.,5.4175,Mary fe ser gel iyta teyd.,Mary wants to be like her mother.,1.000000
313032,She did the work without any difficulty.,5.4167,Iyt xa ha yex boy hyea yikan.,She did the work without any difficulty.,1.000000
1796880,Nobody wants to support my country.,5.4167,Owat fe boler ata doob.,Someone wants to bolster my nation.,0.484127
1975698,I never actually saw it.,5.4150,At hyoj vray teata has.,I never really saw it.,0.983482
12954102,He thought about that for a moment.,5.4150,It texa vyel hus av awa jwap.,He thought about that for a moment.,1.000000
898494,"Just as he was getting the hang of things, they changed all the rules.",5.4117,"Izay je it ijiea tester hyasi, yit kyaxa hya ha vyabyan.","As soon as he began to understand everything, they changed all the rules.",0.866042
13061537,"Between the two of us, he's a little crazy.",5.4100,"Eb aet ewa, it se glos tepuzra.","Just between the two of us, he is a little bit batty.",0.794575
4011872,Do you know where Tom works?,5.4067,Duven et te duham Tom yexe?,do you know where Tom works,0.973357
2541153,Why is there a dog in our house?,5.4050,Duhosav ese yepet bi yata tam?,Why is our dog barking?,0.663966
8609585,There are still 750 000 people who haven't left the city.,5.4025,Ese gaj yeso yoro tobi ho voy pya ha dom.,there are still seven hundred people who have not gone to the city,0.866068
6648823,Tom said that he thought Mary might be required to do that right away.,5.4014,Tom dwa van it texa van Mary afu yefwer xer has ig.,Tom said that he thought that Mary might need to do it quickly.,0.958539
11147172,It's not too much of a problem.,5.4000,Voy se gla yikson.,It's not a major problem.,0.920532
6652174,Tom said that he wanted to do that by himself.,5.4000,Tom da van wit fa xer hus bey iut.,Tom said that he wanted to do that thing by himself.,0.992852
3549709,Are you sure you don't want to stay here and wait with us?,5.3980,Duven et se vlatea van et voy fe beser him ay peser bay yat?,Are you sure that you do not want to stay here and wait with us?,0.989023
703097,Does your head hurt often?,5.3967,Eta teb byoke glaxag?,Does your head hurt often?,1.000000
740702,Two families live in the house.,5.3967,Ewa todi bese bi ha tam.,Two people are staying at home.,0.605262
37294,Tom can do this work alone.,5.3950,Tom yafe xer hia yex anota.,Tom can do this work alone.,1.000000
7494086,Where did Tom put them?,5.3950,Hom Twam bera hasi?,Where does Twam keep things?,0.547886
10319746,It seems Tom will take a year off.,5.3950,Tease van Tom biro awa yivjab.,It seems that Tom will take a year off.,0.998638
8300033,He usually comes to the school late.,5.3900,It eglay upe bu ha tistam jwo.,He or she comes to school exactly late.,0.930201
54200,Everything is ready now for the party.,5.3850,Hyas se jwea hij av ha yaniv.,Everything is timely now for the festival.,0.665723
11939120,I know you're from Boston.,5.3850,At te van et se bi Boston.,I know that you are from Boston.,0.996046
12149144,What do you see as the purpose of your life?,5.3850,Duhos et teate gel ha byuntex bi eta tej?,What do you see as the purpose of your life?,1.000000
941285,I just remembered something.,5.3800,At gwej taxwa hes.,I always remembered something.,0.846895
2258810,I saw them over there a while ago.,5.3800,At yit teata iz be hum be joyb ajay.,We just saw directly at that place for a while recently.,0.707619
7171572,I thought that you might want to play a game of chess.,5.3800,At texwa van et vey fe eker ifek bi xahifek.,I thought that you might want to play a game of chess.,1.000000
7725111,Let's do that at Tom's house.,5.3800,Van yat xe hua bi Toma tam.,Let us do that from Tom's house.,0.953311
3822243,Tom said you were late this morning.,5.3775,Tom da van et sa jwoa hia jwamaj.,Tom said that you were late this morning.,0.999143
9853974,Doing this is the only way we can survive.,5.3767,Hia xen se ha ana byen ho yat yafe yiztejer.,This doing is the only way that we can survive.,0.978741
5894445,I haven't laughed like that in a long time.,5.3760,At voy hihida gel hus be yag job.,I haven't laughed like that in a long time.,1.000000
8257572,I don't know why I even thought you might consider doing that.,5.3760,At voy te hosav van at gey texa van et vey kyitexe Xen hus.,I don't know why I also thought that you might consider doing that.,0.921134
6226101,Tom said it was more difficult to do that than he thought it would be.,5.3750,Tom dwa van has sa ga yika xer hus vyel it texa van has su.,It was said that that was more difficult to do than he thought it would be.,0.811308
6235066,"You don't really have to do that today, do you?",5.3733,"Et voy vay yefe xer hus hijub, va?","You really must not do that today, right?",0.808220
6254312,Tom got almost everything he wanted.,5.3667,Tom bila yubay hyas it fa.,The nearby building had everything he wanted.,0.502904
3734690,Please leave the room.,5.3650,Diwe piu ha tim.,please leave the room,0.949203
7517667,I know that you'll enjoy doing that.,5.3625,At te van et ifio xen hus.,I know you will like doing that.,0.956872
11117950,I don't want people to see me crying.,5.3625,At voy fe yot teater at teabilea.,I don't want anyone to see me crying.,0.985656
8006935,I think Tom won't be at today's meeting.,5.3620,At texe van Tom voy so bi hijuba yanup.,I think Tom won't be at today's meeting.,1.000000
5204254,Tom will look like an idiot.,5.3600,Tom teaso gel hea anyentepat.,The building looks like a certain kind of bird.,0.148469
2274043,You won't believe this.,5.3550,Et voy vatexo hias.,you will not believe this,0.954696
10025941,"Come and see us more often! ""I'll try, but I've got so much to do these days that I just don't get round to it.""",5.3544,"Upu ay teatu yat ga jodi! At yeko, oy at gla xer hia jubi von at byuie hus.","Come and visit us more often! I'll try, but I do so many things these days that I won't get to that.",0.891174
12901529,I'll make every effort to help her.,5.3525,At xo hya yekon av yuxer iyt.,I will do everything to help her.,0.939231
308928,She has no one to wait on her.,5.3500,Iyt ayse hyot yixer iyt.,She has nobody to use her.,0.845924
2044534,We're so happy for you.,5.3500,Yat se gla iva av et.,We are very glad for you.,0.935749
11788146,We don't know any more than you do.,5.3500,Yat voy te ga vyel et te.,We don't know more than you do.,0.969428
6353389,Tom took half of the money.,5.3475,Tom bila eyn bi ha nas.,The building is a lactic half of the money.,0.523294
7516150,I don't think Tom made a good decision.,5.3440,At voy texe van Tom xwa fia kyod.,I don't think that Tom made a good decision.,0.999385
2246046,I ran home.,5.3400,At igtyopa tam.,I hurried home.,0.886973
4500173,I've been good.,5.3400,At se fia.,I am good.,0.884455
12233427,I do like how Tom thinks.,5.3400,At vay iyfe hoyen Tom texe.,I truly like how Tom thinks.,0.981507
10129965,It looks like rain. Get the clothes off the line.,5.3380,His tease gel mamil. Biu ha tofi ob ha nad.,This seems like rain. Take the toffee off the line.,0.733712
6088114,Tom needs to do that before he can go home.,5.3367,Tom efe xer hus ja van it yafe per tam.,Tom needs to do that before he can go home.,1.000000
9838122,Doing that might not be very difficult.,5.3350,Xen hus vey voy ser gla yika.,doing that thing may not be majorly difficult,0.855679
4664112,Tom has been in Boston way too long.,5.3300,Tom se be Boston gra yag.,The building in Boston is too tall.,0.561635
2738833,The sky today looks like a painting.,5.3280,Ha mam hijub geltease ha sizun.,The sky today looks like the painting.,0.966575
6678617,"I know I should've said something, but I didn't know what to say.",5.3250,"At te van at yeyfaye der hes, oy at voy taya hos der.","I know that I have to say something, but I didn't have what to say.",0.917010
10190207,It's only a matter of time before Tom leaves you.,5.3225,Has se anay son bi job ja van Tom pe et.,It is only a matter of time before Tom goes to you.,0.863892
48352,We have to study the matter.,5.3200,Yat yefe tixer hason.,We must study the matter.,0.992033
7405678,She said she was dying.,5.3200,Iyt da van iyt sa tojea.,She said that she was dying.,0.998945
7173110,I thought that Tom would be doing that outside.,5.3175,At texa van Tom so xea hus oyeb be.,I thought that Tom will be doing that thing outside.,0.983386
1798494,I had to write his name and his phone number.,5.3167,At yefa drer wita dyun ay wita yibdalir sag.,I must write the male's name and the male's telephone number.,0.809956
4913261,Some say hate is from fear.,5.3167,Heti de van uf se bi yuf.,Some people say that hate comes from fear.,0.978974
294565,He did not live up to expectations.,5.3133,It voy ikba yaki.,He did not fill the ups.,0.626130
6224098,I know you'd never allow Tom to do that.,5.3133,At te van et hyoj afdo Tom xer hus.,I know that Tom will never do that thing.,0.894937
7445985,Why does he hate the French so much?,5.3133,Duhosav it ufe ha Feramati huugla?,why does he hate the Feramati so much,0.671448
258440,I put down what I thought was useful to young men.,5.3125,At ba yob hos at texa sa fyia bu joga twobi.,I put down that which I thought was nifty to young men.,0.883259
2538945,I'll walk your dog for you if you like.,5.3125,"At tyopo eta yepet av et, ven et iyfe.","I will walk your dog for you, if you like.",0.995473
7149716,We were in Australia last week.,5.3100,Yat sa be Ausom ajna yejub.,We were in Australia last week.,1.000000
7841626,Use your method!,5.3050,Yix eta exyen!,Use your modus operandi!,0.604981
10947058,I know the girl who's speaking to Tom.,5.3050,At ter hayt ho dale bu Tom.,I know the girl who talked to Tom.,0.950569
7235760,I don't think that I have enough energy to do that.,5.3033,At votexe van at bayse grea azon av xer hus.,I don't think that I have adequate strength to do that thing.,0.803108
322992,"Clearly, this is the most important point.",5.3000,"Vyiday, hia se ha gwa tesaga dalnod.",truly this is the most significant talking point,0.754466
1025365,Tom has lived in Boston for a long time.,5.2960,Tom besye be Boston ji yaga job.,Tom has been living in Boston for a long time.,0.997945
26102,The man you met at the station is my father.,5.2950,Ha twob ho et ijtyexa bi ha bixpur posem se ata twed.,The man you met at the train station is my father.,0.975254
13835013,"Sorry, I'm a bit pee-shy, it just won't come out if people are around.",5.2912,Hyoy. At se glon tiyabilyuyfa. Has izay voy oyebuo ven yot se yuz bi.,Alas. I am toothful kidney-juice-averse. It directly not will exit if people are circa from.,0.476208
8426820,I can help you and Tom.,5.2900,At yafe yuxer et ay Tom.,I can help you and Tom.,1.000000
7472394,Tom and Mary felt like they could do it.,5.2875,Tom ay Mary tosa gel yit yafu xer has.,Tom and Mary tried as they could.,0.816916
6247897,Tom and I very often do the same thing.,5.2750,Tom ay at glaxag xe ha hyia sun.,Tom and I very often do the same thing.,1.000000
9815299,You left one of the windows open.,5.2733,Et byexa awa bi ha misi yija.,You hit one of the windows open.,0.827591
6496532,Tom and Mary know that John can't do that as well as they can.,5.2725,Tom ay Mary ter van John yofer xer hus ge fi vyel yit yafe.,Tom and Mary know that John cannot do that as well as they can.,0.996469
44751,It was hard for them to get to the island.,5.2700,Has sa yiga av yit per bu ha yonmel.,It was hard for them to go to the island.,0.980270
11354602,We offer great prices.,5.2700,Yat ifbue agala naxi.,We donate great things.,0.460987
1157266,I gave up on the idea of buying a house.,5.2675,At zoybua ha tyun bi nuxbien tam.,I gave up the idea of buying a house.,0.991888
6425642,Mary did her best to protect Tom.,5.2660,Marit xa ita gwa fi av obyexer Tom.,Marit did her best in order to protect Tom.,0.846734
246473,It is difficult for me to understand this question.,5.2633,Se yika av at tester hia did.,it is hard for me to understand this question,0.948372
2408289,I think Tom is sick.,5.2633,At texe van Tom se boka.,I think that Tom is sick.,0.999111
7037268,I got a message from my teacher.,5.2633,At ibla ebdras bi ata tuxut.,I received a letter from my teacher.,0.882041
6124535,Tom said he'd rather not do that anymore.,5.2600,Tom dwa van it ga fe von xer hua hus gaj.,Tom said that he no longer wants to do that thing.,0.942823
2163203,We should study.,5.2600,Yat yeyfe tixer.,We must study.,0.968894
6495449,Tom and Mary say they don't know who John wants to do that with.,5.2600,Tom ay Mary de van yit voy te hot John fe xer hus bay.,Tom and Mary say that they don't know who John wants to do that with.,0.999334
259977,I don't know if he knows it.,5.2567,At voy te ven it te has.,I don't know if he knows it.,1.000000
2406632,I still have a lot of pages to read.,5.2567,At gaj bayse gla drevi dyeer.,I still have many books to read.,0.853867
239661,"In other words, it's a matter of common sense.",5.2550,"Be hyua duni, has se son bi yansauna tes.",in other words it is a matter of common meaning,0.701475
6216603,The horse did not want to get inside the trailer.,5.2540,Ha apet voy fa per yeb ha zyuktam.,The horse does not want to go into the trailer.,0.979069
5725880,We're coming to the end of an era.,5.2500,,,
6251878,I think Tom was the one who was supposed to tell Mary she needs to do that.,5.2500,,,
7403877,She gave everything she had.,5.2500,,,
9116052,Tom took care of my dog.,5.2500,,,
802821,They said they would accept the committee's decision as final.,5.2480,,,
11505589,Let's meet on Saturday!,5.2467,,,
5784152,Tom wanted to spend time with Mary.,5.2460,,,
33057,It only takes a few minutes.,5.2450,,,
953439,I don't think many people can say they are satisfied with their salary.,5.2433,,,
6229728,How many hours do you think it'll take Tom to do that?,5.2425,,,
7901647,I see a book on the table.,5.2400,,,
12964688,You're thinking of something else.,5.2400,,,
6251424,I don't care why Tom did that.,5.2375,,,
6528265,Tom is still not sure why that happened.,5.2333,,,
13255195,I'm meeting up with an old friend for lunch.,5.2325,,,
6341329,Did you read the ad Tom put in the paper?,5.2320,,,
6117961,What does Tom like to do that Mary doesn't like to do?,5.2317,,,
925010,Cheers! Good health!,5.2300,,,
6268781,We can understand French.,5.2300,,,
246196,The city hall is located at the center of the city.,5.2280,,,
7490035,"As soon as he gives the sign, you have to fall into the river and call for help.",5.2233,,,
6771913,"When I say the word ""squirrel"", what's the first thing that comes to your mind?",5.2217,,,
11066454,I know you're working for one of our competitors.,5.2200,,,
874836,He actually hurt himself.,5.2150,,,
6525648,Both Tom and Mary are a little busy right now.,5.2140,,,
9230081,Tom doesn't want to talk about work when he's at home.,5.2133,,,
9949784,How long has Tom been on the baseball team?,5.2125,,,
6274500,Tom said Mary may do that.,5.2067,,,
7436562,Tom and Mary said that they'd never see me again.,5.2067,,,
8199888,How does one become a Muslim?,5.2050,,,
6436530,Tom said that he'd been very lucky.,5.2033,,,
3121988,At this point the depth is small.,5.2000,,,
6434829,Tom will be in prison for several years.,5.1967,,,
6823395,Tell Tom that everything is fine.,5.1967,,,
7217742,I'm afraid that we don't have the time.,5.1967,,,
11477586,I know how this problem can be solved.,5.1933,,,
2969080,Tom looked like he was enjoying himself.,5.1925,,,
13247069,He left early this morning for Seattle.,5.1925,,,
7509876,I think Tom is a few months older than Mary is.,5.1920,,,
2270339,Don't come out here.,5.1900,,,
10022971,Tom was a French teacher for only three years.,5.1900,,,
3658447,I've been waiting for this moment all my life.,5.1875,,,
7394659,She said she isn't going to help us.,5.1875,,,
6351004,Tom told me he'd also do that.,5.1850,,,
6898414,Tom's family is from Australia.,5.1833,,,
7509063,Tom can speak French a lot better than Mary can.,5.1833,,,
9821830,"If Tom told me to buy a certain stock, I'd buy it.",5.1833,,,
7442095,They wish they'd done that.,5.1800,,,
6660700,Tom moved to Boston almost three years ago.,5.1780,,,
12273738,Fritz called to say he won't come.,5.1760,,,
12077156,I must stop Tom.,5.1750,,,
12204495,Let me be frank.,5.1750,,,
5658205,I need another piece for comparison.,5.1733,,,
6495982,Tom and Mary said that they were the very last ones to do that.,5.1725,,,
11698813,Can you please turn off the lights when you leave the room?,5.1725,,,
61391,Prices have been stable for the past three years.,5.1700,,,
11821623,Have you got any sisters?,5.1700,,,
6239752,Maybe Tom will come to Boston in October.,5.1680,,,
9821160,Our car broke down and we had to spend the night in a hotel.,5.1660,,,
3732281,This is exactly what I needed.,5.1650,,,
6227463,"You didn't think Tom would be able to do that in less than three hours, did you?",5.1650,,,
9347748,We won't eat.,5.1650,,,
11231631,Cell services are limited in the area.,5.1650,,,
7503574,I know Tom and Mary didn't do what they said that they did.,5.1617,,,
2406868,I suppose I should offer to pay Tom for what he did for us.,5.1600,,,
3568460,How was the movie?,5.1600,,,
9483422,Tom says that he might not have to do that.,5.1600,,,
6348376,You looked like you were annoyed.,5.1567,,,
8346510,I felt really threatened.,5.1533,,,
8401518,I've made good progress.,5.1533,,,
10155570,Don't we go to study in New Zealand?,5.1525,,,
7775633,I came here in third grade.,5.1500,,,
9833326,I told Tom that he should stop drinking.,5.1500,,,
6225868,Tom thought Mary had finished doing that already.,5.1480,,,
11839218,I'll be half an hour late.,5.1475,,,
12623983,He likes to collect old things.,5.1475,,,
5420877,I finally received the call I had been waiting for for weeks.,5.1450,,,
7396599,She can sleep here if she wants to.,5.1450,,,
2181902,The exact same thing happened to me.,5.1433,,,
3831216,Tom and I were really worried about you.,5.1433,,,
4317565,I already knew I am a blue blood.,5.1433,,,
11471986,Ensure me you won't tell anyone else.,5.1433,,,
6713394,Why do you have to poop every time we get ready to leave?,5.1425,,,
13219085,It's hard to imagine you ever feeling the need to apologize.,5.1420,,,
8405891,I like hiking.,5.1400,,,
6427681,Mary said she needed a favor.,5.1375,,,
12131943,I'm not watching it. You can change the channel.,5.1367,,,
12150297,Tom has made good choices.,5.1367,,,
9510732,Tom changes his shirt every day.,5.1325,,,
1962004,I have a lot of confidence in you.,5.1300,,,
7218198,Tom told me he would do it tomorrow.,5.1300,,,
11917660,Is there something to eat?,5.1300,,,
6530926,Tom will probably be present.,5.1267,,,
3598175,I have a date with him tonight.,5.1250,,,
12819713,"To get off to the start I did, credit to my teammates.",5.1250,,,
11593887,Don't be late. We won't wait for anyone.,5.1225,,,
433741,Have there been any changes?,5.1200,,,
4431839,This regulation will take effect next year.,5.1200,,,
7541409,Tom took Mary aside and told her the news.,5.1150,,,
12597753,"As expected, the main character is cool.",5.1150,,,
1218036,I won't let you out of my sight.,5.1133,,,
5121888,Which songs did they sing?,5.1133,,,
6221452,Tom said Mary won't be mad.,5.1120,,,
4013743,"Could I have everyone's attention, please?",5.1100,,,
7507540,I didn't know that you were going to do that again.,5.1100,,,
12090140,What a classy thing to say!,5.1100,,,
10298112,She would probably not accept me.,5.1100,,,
321991,I don't usually take long baths but you're in and out in no time.,5.1040,,,
1489059,I can't imagine what creatures living on another planet are like.,5.1040,,,
6500549,Why don't we see if Tom and Mary want to play cards with us?,5.1033,,,
6490554,Tom and Mary said they don't plan to go by themselves.,5.1020,,,
7388212,He's apparently changed his mind.,5.0933,,,
4666699,Ask Tom what to do next.,5.0850,,,
12964533,You drive me up the wall.,5.0850,,,
6495444,Tom and Mary say they hope John doesn't say he wants to do that.,5.0838,,,
3918179,I'll try to find him for you.,5.0800,,,
7507162,It was clear that Tom had already tried to do that.,5.0800,,,
10359582,We'll have to wait for the results.,5.0800,,,
10618522,He had a heart attack while taking a hot bath.,5.0780,,,
12475220,It's important you understand that Tom is from Boston.,5.0775,,,
10027711,Do you like Russian cuisine?,5.0767,,,
6499132,I don't think Tom and Mary have to go there by themselves.,5.0725,,,
3820788,Tom said he'd never tried water skiing.,5.0720,,,
7503043,I didn't know that Tom knew who was going to do that for him.,5.0720,,,
258826,I read about him in the newspaper.,5.0700,,,
5924052,I don't care about civil rights.,5.0700,,,
6827018,"Thank you, that'll be all.",5.0700,,,
11532479,My brothers and I come from completely different generations.,5.0700,,,
11735646,I was hungry like a wolf.,5.0700,,,
3168301,"You can buy anything you want, as long as it doesn't cost more than three hundred dollars.",5.0683,,,
293809,He slept all day.,5.0650,,,
8585520,Don't tell him that I was here.,5.0650,,,
9488855,Does Boston get as cold as Chicago?,5.0650,,,
11572761,He didn't want that moment to end.,5.0625,,,
20184,Please do not touch the record side.,5.0600,,,
2544892,I'll answer that question.,5.0600,,,
3436540,Tom invited me to his home.,5.0567,,,
4474973,Men don't cry.,5.0550,,,
9511389,"Are you Muslim? ""Of course.""",5.0550,,,
10593053,We hope you'll be here.,5.0500,,,
2012899,Do you want a demonstration?,5.0500,,,
5992948,This issue is very complex.,5.0450,,,
6666881,I admitted doing that.,5.0450,,,
13303404,No one wants to put his hand in his pocket.,5.0433,,,
11040710,China needs to remind the US who is boss in the Far East.,5.0433,,,
11571740,I don't like credit cards. I prefer cash.,5.0433,,,
10085737,Tom was sitting on the grass reading a story to a group of children who sat around him.,5.0425,,,
11987249,Delivery drivers are more likely to die on the job than police.,5.0417,,,
6416278,Mary said she didn't think she could do that.,5.0400,,,
10212456,He forgot to fill his car up.,5.0400,,,
13042860,We think that it is harmful to the growth of art and science if administrative measures are used to impose one particular style of art or school of thought and to ban another.,5.0387,,,
2663028,Tom is the one who caused the problem.,5.0367,,,
10923769,He was reluctant to spend money on such a thing.,5.0350,,,
2951855,Find out what Tom is doing in Boston.,5.0333,,,
8677784,"With luck like that, you must be cursed!",5.0300,,,
4666703,You should talk faster.,5.0300,,,
5825159,Say your prayers now and get into bed.,5.0267,,,
11184946,Don't tell me you don't understand that!,5.0250,,,
11506838,The audience loved James's song.,5.0250,,,
287178,His brother is a hard worker.,5.0233,,,
6254213,Tom has already promised to help us.,5.0233,,,
11823148,Turtles live long.,5.0233,,,
5840539,I'm watching.,5.0200,,,
6744874,Funny!,5.0200,,,
12293559,Did you say you got stiffed?,5.0200,,,
11748879,"I've finished my A-levels now, and I'm glad I haven't got to go to school any more.",5.0171,,,
6823412,I hope that Tom and Mary do that for us.,5.0167,,,
6203711,He is trying hard to quit smoking.,5.0150,,,
6648820,Tom said that he thought that Mary might be tempted to do that.,5.0140,,,
3123184,I'm not as young as Tom thinks I am.,5.0133,,,
7390862,He really enjoyed his meal.,5.0133,,,
8763696,Please speak a bit more slowly.,5.0100,,,
68860,You should go on to a technical college.,5.0100,,,
3620023,I'm counting on you to help me out.,5.0100,,,
5071553,I want to leave behind contributions to humanity.,5.0100,,,
11735223,Let's see how creative Tom is.,5.0100,,,
325018,It has been snowing day after day.,5.0000,,,
11592096,She kissed me and the whole world just faded.,5.0000,,,
12336033,"After you ring her up, you can go on break.",4.9950,,,
2952681,I wonder if Tom would mind helping us tomorrow.,4.9940,,,
7643880,Have you started your Christmas shopping yet?,4.9933,,,
6513124,I don't think Tom and Mary are in Boston.,4.9920,,,
3821414,See you at band practice.,4.9900,,,
7803117,I will not welcome you.,4.9900,,,
12098245,"Did Tom quit, or was he fired?",4.9900,,,
2646317,Tom seems pretty busy.,4.9867,,,
10296570,Please lend this book to me for a few days.,4.9867,,,
6526045,Tom said he didn't know who Mary was planning to give that to.,4.9850,,,
7994007,The meeting was a lot shorter than I expected it to be.,4.9850,,,
2870672,They will follow Tom.,4.9850,,,
12015254,The sky is not clear.,4.9850,,,
12272434,I see you still don't understand it.,4.9850,,,
238319,The police held the angry crowd back.,4.9825,,,
11490892,I had Tom correct my report.,4.9800,,,
4629430,Tom came down the steps followed by Mary.,4.9780,,,
11933052,Are you in a hurry to get back home?,4.9750,,,
2859441,Mary tried that.,4.9700,,,
3710363,This is an easy task for you.,4.9700,,,
5396890,The neighbors' dog passed away.,4.9700,,,
7857737,He has strong opinions on education.,4.9700,,,
12484036,Let's go to the furniture store.,4.9700,,,
10708293,Fuck the politicians.,4.9650,,,
2541348,I'm not allowed to speak to Tom.,4.9633,,,
9722810,Here's a bench; let's sit!,4.9633,,,
12283355,Tom and Mary are always ready.,4.9633,,,
8250122,How did his family respond to his conversion to Islam?,4.9620,,,
2241610,We'll need shelter.,4.9600,,,
10052175,Tom learned French while he was in Australia.,4.9575,,,
10541759,Let your kindness flood the world.,4.9575,,,
6412186,Mary promised she'd tell us as soon as Tom arrived.,4.9567,,,
12536261,Have you been able to rescue anything?,4.9550,,,
1029663,Tom asked Mary to sit down for a while.,4.9525,,,
802823,They say they cannot compete with low-priced foreign products.,4.9500,,,
1415017,The money disappeared.,4.9500,,,
3893197,He's pretty tall.,4.9500,,,
256775,I heard a funny noise.,4.9467,,,
48453,The policeman went over the room in search for evidence.,4.9460,,,
4999722,It's me that Tom is waiting for.,4.9450,,,
6873168,I'm interested in sports.,4.9450,,,
6500696,Tom and Mary told me they were planning to go to Boston.,4.9440,,,
3921501,Tom is a science teacher.,4.9433,,,
13738086,The reasons for this decision are as follows.,4.9433,,,
6496545,Tom and Mary have decided they're the ones who should do that.,4.9425,,,
12918402,He doesn't feel safe at home.,4.9425,,,
7911340,How stupid.,4.9400,,,
8455481,"Naming your dog ""Lucky"" won't prevent it from being hit by a car.",4.9371,,,
10550438,Do you know how to play checkers?,4.9367,,,
11324222,Do you know how to raise bees?,4.9367,,,
6652477,Tom said he thought that Mary wasn't finished doing that.,4.9343,,,
6406883,Mary told Tom that she didn't think John was faster at doing that than Alice.,4.9333,,,
6499478,Tom and Mary told John that they thought Alice was awake.,4.9314,,,
1028260,"Tom offered Mary some money, but she refused to take it.",4.9300,,,
10150543,We'll meet him in the library.,4.9300,,,
13732682,A message was delivered to the king.,4.9300,,,
4133548,Tom is in the living room watching cartoons with the kids.,4.9267,,,
2570352,"Come on, hurry up. You'll miss the bus.",4.9260,,,
1311679,She's been practicing piano for a year and can play the piano a bit.,4.9250,,,
6259860,Tom said he didn't think Mary would've done that.,4.9250,,,
8737553,He's singing a song.,4.9250,,,
10556621,Mother intimidates you. You think that she is a big woman.,4.9200,,,
12130320,Why doesn't anyone come to help me?,4.9167,,,
7120505,There are surprisingly many things to do.,4.9150,,,
9732799,I'll go to Australia with Tom in October.,4.9150,,,
6495694,I wonder if Tom and Mary are still as strict as they used to be.,4.9140,,,
6239094,It'll probably be cheap for you to do that.,4.9133,,,
6992007,It's potentially a huge market.,4.9133,,,
1226177,Something seems to be wrong with my clock.,4.9100,,,
7283162,Are you here on Friday evening?,4.9100,,,
11176364,I don't watch much television.,4.9100,,,
11892618,Can you shut down your computer before leaving?,4.9100,,,
7539212,Tom and Mary live in the apartment above John and Alice.,4.9067,,,
11870455,Tom ran to save Mary.,4.9050,,,
4012221,Tom and Mary still live in Boston where they both grew up.,4.9020,,,
11504593,I will not drink because I'm driving.,4.9000,,,
30551,"Of course, I'm young, and politics is conducted by grown-ups.",4.9000,,,
6270441,Tom knows how Mary feels about that.,4.8950,,,
10131584,I have no native language.,4.8950,,,
10199814,I spoke to him for an hour.,4.8950,,,
13611413,Is that supposed to be a comment?,4.8950,,,
6354056,Tom told me that he thought Mary was downstairs.,4.8920,,,
12879623,We wanted to take a ballet class.,4.8900,,,
6844379,"Why do we always have to go to Boston, Tom? There are other beautiful cities!",4.8900,,,
8254693,She stopped going to the mosque.,4.8900,,,
5940128,Tom would classify it as a great book.,4.8825,,,
6230204,I helped Tom move his desk to other side of the room.,4.8825,,,
4591422,He's responsible for that.,4.8800,,,
6413950,Mary seems a lot happier since she got divorced.,4.8800,,,
6495453,Tom and Mary say they didn't know John wouldn't need to do that.,4.8800,,,
8382173,Tom kicked Mary hard.,4.8800,,,
7175127,Tom thought that Mary looked exhausted.,4.8780,,,
5907659,This started out as a very passionate relationship.,4.8767,,,
277271,"In studying geography, you must make constant use of maps.",4.8750,,,
1026064,Tom doesn't know who he should ask for advice.,4.8740,,,
2406558,I spent the entire morning filling out these forms.,4.8720,,,
6335507,Tom asked Mary if she was planning on staying.,4.8720,,,
318675,"He puts on a show of being impartial and unbiased, but I think he's just a guy with no opinion of his own.",4.8700,,,
9634328,The dress in the show window caught Mary's attention.,4.8700,,,
4499782,I have a silly question.,4.8700,,,
315004,She is like a hen with one chicken.,4.8667,,,
7131780,Do they pay their own expenses?,4.8650,,,
12218228,This is where it gets complicated.,4.8600,,,
11594270,Michael doesn't live in that nice apartment building.,4.8583,,,
7376602,Mary is more famous than her sister.,4.8567,,,
8380906,Tom is glad someone agreed with him.,4.8567,,,
251935,My dream is to become an artist.,4.8550,,,
6687167,I'm not the one who helped Tom do that.,4.8550,,,
8253398,Let's learn some Berber words today.,4.8540,,,
3723096,I accept you for who you are.,4.8500,,,
8746998,The path that will save us the journey is the one that we take directly.,4.8500,,,
10179077,"Is Taro back yet? ""Not yet. He's been getting back pretty late recently.""",4.8500,,,
13455441,I am under their protection.,4.8500,,,
8396922,The Quran is not a book of science. It's a book of signs.,4.8440,,,
8915126,Tom didn't need to speak French.,4.8420,,,
6926093,How can I not worry?,4.8400,,,
2956925,Tom has nothing to do with it.,4.8300,,,
10372330,I like West Germanic languages.,4.8275,,,
40474,Somebody is playing the piano.,4.8267,,,
2361599,I haven't seen Tom around.,4.8267,,,
11602791,The sky was extremely clean.,4.8267,,,
12157334,I guess everyone needs a hobby.,4.8267,,,
2642441,Tom and I have an understanding.,4.8250,,,
8903641,"Tom wants to do that, and I don't blame him.",4.8250,,,
12077598,The city's disaster prevention radio broadcast can be heard.,4.8250,,,
6256427,Was it you who broke the window?,4.8250,,,
12769176,The night reveals truths hidden by day.,4.8240,,,
5735778,Tom has been released on bond.,4.8233,,,
3741375,"On New Year's Eve, Putin thanked Russia's citizens for their willingness to stand for the country's interests.",4.8227,,,
2006467,They met on a fishing trip.,4.8200,,,
1355445,The desk that Ken uses is old.,4.8175,,,
12321276,Our hands are tied now.,4.8150,,,
7278549,Sami usually spends a lot of time in the bathroom.,4.8133,,,
8355726,Tom is an navy officer.,4.8100,,,
12004943,Tom lost some of his abilities.,4.8100,,,
3724651,Tom remembered Mary quite well.,4.8075,,,
9241404,Algiers is a big and relatively safe city.,4.8060,,,
11599396,Robert looked like a dutiful student.,4.8040,,,
8007062,I have relatives who live in Boston.,4.8033,,,
7011141,"When angry, count to ten before you speak; if very angry, count to one hundred.",4.8020,,,
6316457,"I was just meditating, when my brother suddenly burst into the room.",4.8000,,,
8795669,He was punished for doing that.,4.8000,,,
3417754,Tom knew he wasn't going to win the argument.,4.7983,,,
7026024,His heart was weak and he needed constant medical supervision.,4.7983,,,
12609879,"I don't usually dream, but this was a bloody stupid dream.",4.7983,,,
10773471,I'm not all that interested in flowers.,4.7950,,,
7177325,Tom said that Mary wasn't as mad as he thought she'd be.,4.7900,,,
7501820,It was clear that Tom didn't know he didn't really have to do that.,4.7883,,,
2136815,Don't you agree?,4.7850,,,
3043994,What colour is his hair?,4.7850,,,
3823080,Tom didn't even say goodbye to Mary before he left.,4.7850,,,
2953895,We're all so proud of you.,4.7800,,,
3825842,Is that your cat?,4.7800,,,
6524439,I wonder whether or not there's any possibility that Tom will do that.,4.7800,,,
3627028,"If there are a lot of possessive pronouns in the Russian text, you can be almost sure that it's a bad translation from the English.",4.7778,,,
6490760,Tom and Mary put on their clothes.,4.7767,,,
10596610,Tom ended up inviting Mary to his party.,4.7760,,,
7390384,He pleaded for his life.,4.7750,,,
7927883,That makes me anxious.,4.7750,,,
11449459,The bell signaled the end of the game.,4.7725,,,
3426225,Tom dreamed of becoming a race car driver.,4.7720,,,
6415593,"Mary knew she shouldn't tell Tom, but she did.",4.7717,,,
7064661,They like saying obscenities.,4.7700,,,
10955011,The goal of the game is to eliminate the opponent's pieces.,4.7700,,,
327921,He has a perfect swing.,4.7700,,,
9178549,I had a photo of Tom dancing.,4.7667,,,
12665269,This is suitable for this type of task.,4.7667,,,
7508935,You could hurt yourselves if you're not careful.,4.7650,,,
10092073,These photos contain memories from last summer.,4.7650,,,
898577,She feeds her dog a meat-free diet.,4.7640,,,
6357087,Neither Tom nor Mary was surprised.,4.7633,,,
6653775,Tom said that he hasn't seen Mary since they got divorced.,4.7629,,,
10521440,There are colorful houses on the main street.,4.7600,,,
6610888,This won't win you any brownie points.,4.7575,,,
10876143,"If the eagle is a little rough, this doesn't mean it wants to hurt you.",4.7571,,,
434702,"Excuse me, is there a hotel around here?",4.7550,,,
2481254,She's beautiful and intelligent.,4.7550,,,
681742,"If you plant an apple seed, it might grow into a tree.",4.7540,,,
6802646,I didn't know Tom was Mary's boss.,4.7520,,,
271628,Please wait till noon.,4.7500,,,
2906253,"Just close your eyes, whispered Tom, and when Mary closed her eyes, he kissed her softly on the lips.",4.7482,,,
10044355,"The rat who thought himself a dog, suddenly cried.",4.7480,,,
9634654,That keyboard is very pretty.,4.7450,,,
302426,He died of lung cancer.,4.7433,,,
6344887,I knew Tom wasn't going to hurt me.,4.7400,,,
7290641,Will I go mad?,4.7400,,,
11908170,"Are you an art dealer, too?",4.7400,,,
13749323,The crowd remained docile despite the long wait.,4.7350,,,
6976509,My parents bought a place in Baja.,4.7325,,,
11036734,Tom wants to become a welfare worker.,4.7325,,,
302447,He fired but missed.,4.7300,,,
4913141,Tea tree oil is a natural remedy that can be used to treat acne.,4.7275,,,
5769630,You should not change the cat litter box if you're pregnant.,4.7260,,,
12801080,The description of poetry has value in literature.,4.7250,,,
6469298,That must have been quite a change for Sami.,4.7233,,,
7867390,Algeria needs more companies.,4.7233,,,
8254213,"When he went to an Algerian school, he was introduced to Islam.",4.7220,,,
2272451,Tom doesn't know yet.,4.7167,,,
6411606,Mary pretended she didn't know how to open the safe.,4.7150,,,
3821213,The prisoners have been released.,4.7100,,,
6242349,I didn't want to do what Tom suggested.,4.7100,,,
8514655,He pointed his gun at her.,4.7100,,,
7436363,Tom and Mary said they didn't work on Mondays.,4.7083,,,
2099845,"Dead-end jobs are not only unlikely to be lucrative over the long haul, they're unlikely to provide much scope for talent.",4.7064,,,
9707459,I'll fix it myself.,4.7050,,,
12637490,Who do these boys belong to?,4.7050,,,
6661088,I had a dream that I won the lottery.,4.7033,,,
8260105,The history of Algeria is amazing.,4.7033,,,
11050757,Love is such an uncontrollable feeling.,4.7033,,,
6817133,Don't worry. We'll find it.,4.7000,,,
11650264,Where's the border? I can't see it.,4.7000,,,
7760935,Lady Ashton lived to the verge of extreme old age.,4.6986,,,
9136353,Tom gave Mary an incredulous look.,4.6960,,,
6201711,The guests agree.,4.6950,,,
7202778,Sami was never allowed in the house.,4.6933,,,
8528480,"She's good at driving, isn't she?",4.6900,,,
6657936,The police found Tom hiding in Mary's basement.,4.6880,,,
1522324,"Of all the films I rented, this is the only one worth seeing.",4.6800,,,
10203256,Thank you very much for checking my sentences.,4.6800,,,
11056330,Tom was fairly tired.,4.6800,,,
11573751,Mark loves to ski in the snow every winter.,4.6780,,,
9247013,Yanni wants to head back home.,4.6775,,,
11947132,Yuri lived in a very old castle.,4.6750,,,
6222883,Tom never should've been elected.,4.6733,,,
7399689,He said that he wasn't strong.,4.6733,,,
8935567,He's got a very good percolator.,4.6733,,,
7180536,Tom bought this umbrella in Australia.,4.6725,,,
5508876,We couldn't make it happen.,4.6700,,,
3821347,We've made progress.,4.6700,,,
11892792,Will you wear rain boots in the rain?,4.6675,,,
10504792,Do we have a paper clip?,4.6650,,,
7416446,"But I could not rest, Watson, I could not sit quiet in my chair, if I thought that such a man as Professor Moriarty were walking the streets of London unchallenged.",4.6615,,,
10896719,The UN has recently tried to kick-start talks between Western Sahara and Morocco.,4.6600,,,
11990843,He never had a holiday.,4.6600,,,
1025448,Tom has a wife who's an alcoholic.,4.6567,,,
278944,The weather was ideal.,4.6550,,,
6870170,I wish that I could have eaten more.,4.6550,,,
6378649,The fight was started by Sami.,4.6533,,,
10273409,The elevator shaft goes all the way to the basement.,4.6520,,,
8377131,Our relationship never recovered after that incident.,4.6467,,,
13402298,Is it a cult film?,4.6450,,,
4014222,That isn't really necessary.,4.6433,,,
11748721,Diego noticed Melissa walking past his window again.,4.6417,,,
7385127,She had her camera stolen.,4.6400,,,
3455107,I don't believe that if I changed my habits I could become healthier.,4.6400,,,
9953231,Tom wasn't able to run any faster.,4.6360,,,
9807472,You should do everything that Tom asks you to do.,4.6350,,,
1917239,Everyone noticed her.,4.6300,,,
3994988,Dan gave Linda a knife to protect herself.,4.6300,,,
4615827,The older you get doesn't mean you should become more religious.,4.6300,,,
3795193,"He speaks fluent Russian, or at least that's what he told me.",4.6250,,,
271951,Western nations have to put their heads together to strengthen the dollar.,4.6220,,,
8550317,Algeria is a close ally of both Russia and China.,4.6220,,,
3070380,Do enemies listen to their enemies?,4.6200,,,
5851851,Don't forget to wash behind your ears.,4.6200,,,
11797837,Boris was only a couple of miles from the mountain's summit.,4.6180,,,
551529,He's a bit lively.,4.6150,,,
6910179,"Tom is really drunk, isn't he?",4.6150,,,
11757730,Gabriel hosted a radio program.,4.6125,,,
2224557,You shouldn't let me get away with murder.,4.6025,,,
325161,A thunderbolt is likely to fall any minute.,4.6000,,,
5921333,Sami didn't like the idea.,4.6000,,,
53947,Sally has been on a diet since last month.,4.5967,,,
1421962,The movie wasn't as interesting as the book.,4.5950,,,
4708063,Tom eats very quickly.,4.5933,,,
7141218,Sami can make the juice himself.,4.5933,,,
3906051,We've talked to him.,4.5900,,,
4923389,I'm saving as much as I can.,4.5900,,,
7519197,Tom realized we ought to do that.,4.5900,,,
12037648,Can I pay in euros?,4.5900,,,
8946860,There was an abundant harvest this year.,4.5867,,,
10937159,No explanations were given.,4.5850,,,
6510439,"Tom and Mary still haven't done that, have they?",4.5800,,,
8190259,I gonna prepare the snack.,4.5800,,,
312043,She plays the piano.,4.5750,,,
297935,He explained to my son why it rains.,4.5700,,,
4165707,He stood me up.,4.5700,,,
7189383,I assumed that you might be busy.,4.5700,,,
9045998,Wouldn't Tom need to go to Boston?,4.5675,,,
11620674,"In chapter two, William learned more about the protagonist's background.",4.5640,,,
3717692,You're too laid back.,4.5600,,,
8222963,Algeria has a stable government.,4.5567,,,
322183,"I'm really sorry, but I seem to have misplaced your scarf.",4.5550,,,
3725153,I swear all I meant to do was to threaten Tom.,4.5550,,,
6328604,A powerful flame results from a tiny spark.,4.5520,,,
8572401,This helps isolate the client from the impact of design changes and defects.,4.5514,,,
9271014,Tom loved to tease Mary.,4.5500,,,
11641327,Leon used to have a friend named Walid.,4.5460,,,
6838727,I know that Tom is headstrong.,4.5400,,,
10819369,Zucchini is so good for us.,4.5400,,,
11463547,Algeria needs to achieve food self-sufficiency.,4.5400,,,
8230712,He finished reading the Quran.,4.5367,,,
2953794,We should never have stayed.,4.5300,,,
13619387,"I keep forgetting it's written in one word. ""The vast majority of native speakers constantly forget that too, or aren't even aware of it.""",4.5282,,,
3905755,Don't compare yourself to him.,4.5250,,,
10092052,Algeria is as big as it is surprising.,4.5233,,,
6462260,The police questioned Sami for six hours.,4.5225,,,
13573021,Tom made an AI video of himself dumping poop on the people who were criticizing him.,4.5200,,,
2953549,We appreciate your cooperation in this.,4.5200,,,
6440143,We regret lying to you.,4.5200,,,
13623523,She doesn't regret anything she did.,4.5167,,,
11985374,I've closed the upstairs windows.,4.5125,,,
8529914,This towel looks disgusting.,4.5100,,,
4679843,The ground was waterlogged after several days of rain.,4.5100,,,
5490029,Tom's warned me about that.,4.5050,,,
6731188,Tom always sits in the back.,4.5050,,,
2943022,What's the minimum salary in Georgia?,4.5033,,,
11694802,They looked at a beautiful tulip.,4.5033,,,
3333178,He's very high on LSD.,4.5000,,,
13604631,The contract required the assignee to notify the company of any changes in address.,4.5000,,,
6349784,I don't usually use a hairdryer.,4.4975,,,
2130395,The expression on her face was more sour than a lemon.,4.4950,,,
13206112,"She loves to study palmistry, and shows the others the meaning that lies beneath their hands.",4.4938,,,
8519072,She promised to do that for him.,4.4900,,,
5756274,Tom has an orange tan.,4.4867,,,
11902990,I've got brain weasels.,4.4850,,,
5838836,Tom suspected that Mary had a crush on him.,4.4825,,,
6898601,"You're a much better singer than Tom is, aren't you?",4.4800,,,
9040815,Mary hid the cigarettes from her mother.,4.4750,,,
13680301,He uses the same password for everything.,4.4700,,,
8469674,Mary's boyfriend treats her badly.,4.4675,,,
2958233,Tom started to descend the stairs.,4.4675,,,
38336,I'm afraid I've eaten too much.,4.4633,,,
1832141,He's in for a shock.,4.4600,,,
5603541,The only limit is your imagination.,4.4600,,,
10214281,Ziri made really cool friendships at that high school.,4.4583,,,
13871940,"Don't take him too seriously, he exaggerates everything he does.",4.4575,,,
7382482,He'll never forgive himself.,4.4550,,,
12777043,She promotes transparency within the team.,4.4533,,,
6430458,Tom isn't very nice to anybody.,4.4525,,,
27998,The doctor has ordered the patient to abstain from wine.,4.4440,,,
6043493,Prostitutes don't take credit cards or checks.,4.4440,,,
320320,His cottage is on the coast.,4.4350,,,
4529682,This is the usual arrangement.,4.4350,,,
4664092,Tom received the award posthumously.,4.4350,,,
11675834,Alberto ran to the end of the aisle.,4.4350,,,
7147507,Sami was texting people.,4.4333,,,
11699144,Lorenzo kept asking the Ouija board questions.,4.4300,,,
2275888,I didn't mean any harm.,4.4300,,,
6671417,"When I stood up, I realized that Tom was much taller than me.",4.4300,,,
9594346,Don't give the award to Tom. He doesn't deserve it.,4.4240,,,
7508303,Tom told me that he was allergic to strawberries.,4.4225,,,
8943631,Tom has stolen a horse from his neighbour.,4.4225,,,
12084203,I wasn't the only one who didn't like that film.,4.4225,,,
6668777,Sami had a job to do.,4.4200,,,
9440342,It seems somehow odd to me.,4.4200,,,
11679033,Bruno was still in pain.,4.4200,,,
2539324,Tom wouldn't even consider our offer.,4.4175,,,
24174,I had to help with the housework.,4.4150,,,
6705932,Sami came back into Layla's life.,4.4150,,,
8986256,He has to check our passports.,4.4150,,,
7393495,She hopes that she won't be deported.,4.4133,,,
272308,The baby caught sight of my ballpoint pen and reached out for it.,4.4100,,,
7329097,Sami knows women who wear the hijab.,4.4100,,,
8255820,That teacher almost made me lose my motivation to learn Berber.,4.4100,,,
10681995,The jacket hanging there is mine.,4.4100,,,
9473986,Tom claims to be a magician.,4.4067,,,
261391,I prefer comedy to tragedy.,4.4067,,,
11829218,Everyone started bullying Ivan.,4.4067,,,
3543597,That's incredibly boring.,4.4050,,,
2643055,Doesn't Tom ever wear a shirt?,4.4000,,,
13627325,This ammunition is much more effective.,4.4000,,,
10853966,"The crème de la crème of the German film industry were at the premiere, sauntering down the red carpet.",4.3980,,,
7237481,Sami stole a credit card.,4.3975,,,
11801842,Dmitri was losing his mind.,4.3867,,,
11879429,The baker assembled the layers to create a cake.,4.3820,,,
12403033,The scent of fresh rain lingered in the air after the storm.,4.3817,,,
8519966,He doesn't live with her.,4.3800,,,
11816210,"I didn't remember a chair being there, so I bumped into it in the dark.",4.3780,,,
2954922,You're an excellent liar.,4.3750,,,
7377640,Mary has submitted her resignation.,4.3733,,,
7403919,She admitted she was lonely.,4.3700,,,
7422804,You didn't finish your drink.,4.3667,,,
11799442,Boris was haunted by his past.,4.3667,,,
5858945,I'm legally blind.,4.3650,,,
4665419,"Tom likes Boston, doesn't he?",4.3625,,,
6340235,Tom wasn't the only one who noticed what happened.,4.3625,,,
9828934,Barbary macaques are social animals living in groups of several dozen individuals.,4.3625,,,
5734626,Tom still couldn't believe it.,4.3600,,,
11799146,"Boris's German Shepherd was wounded, but still alive.",4.3600,,,
12005785,They discovered an inscription on the stone.,4.3600,,,
5758074,Tom spoke wisely.,4.3533,,,
7492848,This book isn't dedicated to anyone.,4.3533,,,
11247292,Guantanamo is a brutal place.,4.3533,,,
12381192,Tom is a gentle giant. He wouldn't hurt a fly.,4.3517,,,
13715451,I bought a backpack.,4.3450,,,
12225524,"We sat in front of the fireplace, drinking eggnog and listening to Christmas music.",4.3414,,,
7987427,Sami is a really famous YouTuber.,4.3275,,,
9959484,Yanni is trying to study more about Islam.,4.3250,,,
9928552,Tom might've been poisoned.,4.3233,,,
9020719,Tom isn't a truck driver.,4.3175,,,
7287617,Sami heard about the school that Layla was about to go to.,4.3125,,,
10017557,Yanni is wearing a new pair of sneakers.,4.3000,,,
11846914,Miroslav moved to a house in the countryside.,4.3000,,,
13004180,Her smile was barely noticeable.,4.2933,,,
5838771,Fadil walked away from his kids.,4.2900,,,
5882973,Fadil was committed to a mental institution for 10 years.,4.2880,,,
6468962,I wasn't having an affair but I have been accused.,4.2850,,,
12327316,"For the next two decades, the size of catches fluctuated in response to changes in fishery practices.",4.2838,,,
11652792,Those stains are blood.,4.2800,,,
7987111,Tom likes to complain in order to appease his envious neighbors.,4.2771,,,
9128717,My bike needs mending.,4.2733,,,
7941751,Was the hypothesis confirmed?,4.2700,,,
11469891,The war between the Polisario Front and the Moroccan occupation forces in Western Sahara is a low-intensity conflict.,4.2680,,,
7351926,Tom can't comprehend it.,4.2650,,,
11620271,Elias made the teenagers leave.,4.2567,,,
13744318,I ate some boiled quail eggs a few nights ago.,4.2567,,,
12127401,That sounds yummy to me.,4.2550,,,
12297515,The first mammals laid eggs.,4.2533,,,
4092481,You were very rude to me.,4.2500,,,
11650361,Lukas pursued treatment for his condition.,4.2475,,,
6099840,Aren't you already on the team?,4.2400,,,
8577159,Yesterday Tom had a very unpleasant encounter with some rando on the street.,4.2383,,,
10669722,"The morpheme ""homo"" in ""homosexual"" and that in ""Homo sapiens"" are homonymous, terms that sound the same, but mean something different, the first meaning ""same, whilst the latter meaning human.""",4.2329,,,
373251,Shall we eat this Pocky from both ends?,4.2325,,,
11802133,Dmitri stayed close to the cabin.,4.2300,,,
3547482,Today's show is a rerun.,4.2250,,,
11387198,Russia is a BRICS member.,4.2233,,,
9065110,Yanni is converting to Islam and there is nothing his father can do to stop him.,4.2160,,,
10631913,I wouldn't allow Tom to do that again.,4.2133,,,
11744438,Tom was reprimanded by his teacher.,4.2133,,,
6781611,I listened to everyone.,4.2100,,,
9044435,Tom wasn't alone on the island.,4.2100,,,
8103590,This Kabyle dress looks so beautiful.,4.2075,,,
8145799,Algeria is at the same latitude as Washington DC.,4.2075,,,
8518911,You shouldn't believe everything he tells you.,4.2067,,,
8796501,He cooperated with the police.,4.2050,,,
11070967,I only had a couple of pints.,4.2050,,,
6310196,"There are swift-flowing rivers which dash through jagged cañons; and there are enormous plains, which in winter are white with snow, and in summer are grey with saline alkali dust.",4.2006,,,
8479704,He was generous.,4.2000,,,
8789900,Skura ran away from home.,4.2000,,,
9353230,They wondered.,4.2000,,,
7325581,Sami wanted Layla to stop wearing the hijab.,4.1917,,,
11219292,A search was conducted to try and find Ziri's body.,4.1880,,,
6658845,"Tom is influential, but Mary isn't.",4.1875,,,
11431839,That incident would stick with Ziri for the rest of his life.,4.1840,,,
11748453,Diego unpaused the game and continued playing.,4.1820,,,
6673170,I had been warned not to do that.,4.1800,,,
11615299,What have you been advised to do?,4.1800,,,
3989579,Dan didn't even bother to reply.,4.1725,,,
11888965,"Bedtime is here, my dear.",4.1650,,,
11667800,Tobias saw Isabella looking around suspiciously.,4.1540,,,
7219553,Sami is getting harassed.,4.1533,,,
6476417,Sami goes to counseling.,4.1500,,,
6772330,"Tom hugged Mary. He hugged Alice, too.",4.1460,,,
5849545,Tom's father suffers from Alzheimer's.,4.1450,,,
302817,He put on airs in her presence.,4.1200,,,
7867856,"Jacob said: Swear therefore to me. Esau swore to him, and sold his first birthright.",4.1200,,,
11689531,Someone grabbed Claudio's shoulder tight.,4.1200,,,
11757769,"As humans breath, they exhale carbon dioxide.",4.1200,,,
10189841,Ziri got a fire going.,4.1167,,,
11728689,Adriano answered every question Melissa had about Islam.,4.1100,,,
12878574,Tomorrow I'm going to recite a poem by Pessoa.,4.1020,,,
13376027,Get yourselves washed up!,4.1000,,,
273434,The ship touched at Yokohama.,4.0933,,,
6912166,Would you sign a prenuptial agreement?,4.0900,,,
7219466,Sami's glasses are always dirty.,4.0767,,,
10138840,Algeria's agriculture declined.,4.0667,,,
5864083,"Jamal and Sarah went, Fadıl and Dania came.",4.0650,,,
6903638,He still couldn't remember my name.,4.0600,,,
5840377,I never cheat.,4.0600,,,
9824257,Yanni shot himself and exploded his heart with a shotgun.,4.0520,,,
7071717,They watch the multicoloured birds.,4.0500,,,
10951375,Do you even think I care about Ziri?,4.0467,,,
9143097,Yanni pressed the edge of the glass to his lips.,4.0420,,,
6694784,I watched him from afar.,4.0350,,,
7201814,Sami finds this embarrassing.,4.0333,,,
11842507,Miroslav locked the back door.,4.0233,,,
297816,He dragged at my collar.,4.0200,,,
1806257,We have to warn him.,4.0200,,,
12769200,The wind whispered her name softly.,4.0167,,,
11042287,Don't you dare make a move on Ziri. He's my boyfriend.,4.0160,,,
9418757,Tom's got some dank nugs.,4.0150,,,
11801984,Dmitri started folding his tent up.,4.0100,,,
4501560,What would you propose?,3.9900,,,
11645536,Leon needed a minifridge to store beers in his office.,3.9867,,,
11799388,Boris's demeanor made Melissa nervous and scared.,3.9860,,,
4494966,Tom is trespassing.,3.9850,,,
12824962,"Every year on Simchat Torah, Jews finish reading the Torah and begin it anew.",3.9822,,,
11927474,Vladimir has to study Berber and Arabic.,3.9800,,,
1485035,One quickly recaptured him.,3.9600,,,
11842460,"Miroslav made it back to his truck, jumped in and drove off.",3.9525,,,
9480047,You were rushing.,3.9500,,,
11747098,Carlos died while Rima cried.,3.9475,,,
853112,She terrified her.,3.9400,,,
9311400,Tom is a cat worshiper.,3.9300,,,
7056471,She appeared unscathed after emerging from the wrecked automobile.,3.9140,,,
10900447,France colonized Morocco.,3.9100,,,
11744723,Carlos followed Rima into the basement.,3.9075,,,
10802892,Ziri heard the baby was in danger.,3.9050,,,
12780473,The ears of cats are conic sections.,3.9000,,,
10162931,Here comes the postie carrying a parcel.,3.8950,,,
11649076,Lukas started to tiptoe over to the piano.,3.8925,,,
8122856,The Algerian army has raped Kabyle women.,3.8920,,,
2268056,The cloth's very faded.,3.8800,,,
11900927,Are you in the choir?,3.8800,,,
8001572,Mennad wanted to eliminate all the negativity in his life.,3.8780,,,
7411454,She smiled at me and then I smiled at her.,3.8600,,,
8527969,"He's quick-tempered, isn't he?",3.8533,,,
12130319,I'm as ravenous as a hungry wolf.,3.8533,,,
7836897,"My father moved us to Kabylie, Algeria.",3.8525,,,
7380574,"Mary was mistaken, wasn't she?",3.8500,,,
11717358,Pietro didn't belong out on the streets.,3.8400,,,
7792768,Tom backpacked through Europe.,3.8333,,,
6477801,Sami began praying for Layla.,3.8325,,,
4515604,He lavished her with attention.,3.8300,,,
50186,I was eighteen then.,3.8100,,,
8418899,He's still speaking Berber.,3.8050,,,
10546720,"In black-influenced music genres, I still enjoy zouk and taarab.",3.7914,,,
10064728,Yanni wrote to the publisher.,3.7733,,,
13756257,This is the deepest part.,3.7700,,,
11174015,Ziri saw Rima in the living room.,3.7680,,,
35491,I'm ashamed because I acted foolishly.,3.7667,,,
3737383,Tom wasn't sleepy.,3.7667,,,
7741353,"She now threw herself among the dancers, whirling, as a swallow skims through the air when pursued.",3.7600,,,
11804970,Dmitri listened quietly.,3.7533,,,
2724484,He was as ravenous as a bear.,3.7350,,,
7883668,Your sorrow is my sorrow.,3.7300,,,
1823606,It is very impolite of us to decline her invitation.,3.7200,,,
12771350,Is there something we’re overlooking?,3.6800,,,
12818235,She has a cruel stepfather.,3.6800,,,
11944493,Tom uncuffed Mary.,3.6500,,,
1764948,Casey lives in Tver.,3.6267,,,
9306219,He groomed his beard.,3.6150,,,
8916578,The rotting shanty town was not too distant from the grandiose temples of serpentine.,3.6071,,,
11116865,Rima couldn’t pick Lina up from the airport.,3.6060,,,
3902009,Tom swore allegiance to the Ku Klux Klan.,3.6033,,,
10796497,Why aren't you asleep yet?,3.5850,,,
10928299,These aren't my ties.,3.5800,,,
11775082,Antonio jumped on Rima.,3.5767,,,
3730483,Isn't it profitable?,3.5400,,,
10822636,Ziri rewarded his dog with a treat.,3.5400,,,
7864981,How do you spell it in Berber?,3.5350,,,
11547437,What have I done to deserve your meanness?,3.5300,,,
8396921,I found this in the Quran.,3.5300,,,
10798877,Ziri was willing to wait.,3.5233,,,
9794057,Tom is such a whiner.,3.5000,,,
9967808,Yanni is rubbing the grease back and forth.,3.4950,,,
7757680,I had conversation with Taninna in Berber every day.,3.4750,,,
247391,You were considerate not to disturb us.,3.4300,,,
11212410,Ziri begged Rima to turn around and leave.,3.4100,,,
10191618,Ziri absolutely loves it.,3.3800,,,
8668688,No refunds.,3.3700,,,
10186299,Yanni never let Rima go out again.,3.3533,,,
10211175,Ziri tried to hit Rima.,3.3350,,,
13644985,Planetariums are cool.,3.2650,,,
9990123,Yanni was bloody.,3.2150,,,
11717882,Pietro was at the infirmary.,3.1850,,,
7386400,She unpacked her suitcase.,3.1750,,,
10805769,Ziri couldn't call for help because he was mute.,3.1625,,,
10236794,Ziri asked Rima if he could borrow her timer.,3.1580,,,
8792913,Yanni and Skura cried a lot.,3.1125,,,
11961036,Boldi was calmly snoring in his bed.,3.0975,,,
11429232,Ziri and Rima stopped painting.,3.0625,,,
10217355,Ziri loves Rima's apartment.,3.0300,,,
12622127,She lacks decisiveness.,3.0300,,,
10618104,How are marshmallows made?,3.0300,,,
10215885,Ziri went somewhere else.,3.0000,,,
13087709,Our couscous is steaming.,2.9600,,,
11929494,It's snowed again.,2.8800,,,
10096518,Yanni and Skura got together.,2.8533,,,
12457225,Am I being retaliated against?,2.8000,,,
10897352,Ziri is emotionally unavailable.,2.7233,,,
11235750,Ziri walked nervously towards Rima.,2.6875,,,
12650035,Ziri is nothing but trouble.,2.6450,,,
8081374,The denigration is unforgivable.,2.6250,,,
13360382,Vi alportu donacon al ili.,2.5240,,,
9821514,Yanni never treated Skura well.,2.4533,,,
10905113,Ziri traveled around.,2.2800,,,
2203363,We're sloshed.,2.1900,,,
7749003,Matoub Lounes sings in Berber.,1.8975,,,
11195827,Ziri hiked alone.,1.7250,,,
